symbol,sector,industry,category,notes
SJS,Automobile,Auto Components,Decorative Parts (Logos / Dials),Excel classification
TENNIND,Automobile,Auto Components,Emissions / Exhaust,Excel classification
SEDEMAC,Automobile,Auto Components,Engine Control Systems,Excel classification
BALUFORGE,Automobile,Auto Components,Forgings,Excel classification
CIEINDIA,Automobile,Auto Components,Forgings & Gears,Excel classification
KROSS,Automobile,Auto Components,Forgings (CV),Excel classification
FOSECOIND,Automobile,Auto Components,Foundry Consumables,Excel classification
HAPPYFORGE,Automobile,Auto Components,Heavy Forgings,Excel classification
RANEHOLDIN,Automobile,Auto Components,Holding Company,Excel classification
BELRISE,Automobile,Auto Components,Metal Body Parts,Excel classification
SHRIPISTON,Automobile,Auto Components,Pistons & Rings,Excel classification
SANSERA,Automobile,Auto Components,Precision Forged Parts,Excel classification
BHARATSE,Automobile,Auto Components,Seats,Excel classification
OMAXAUTO,Automobile,Auto Components,Sheet Metal,Excel classification
RML,Automobile,Auto Components,Steering Systems,Excel classification
APCOTEXIND,Automobile,Auto Components,Synthetic Rubber / Latex,Excel classification
WHEELS,Automobile,Auto Components,Wheels,Excel classification
MSUMI,Automobile,Auto Components,Wiring Harness,Excel classification
TMCV,Automobile,OEM,Commercial Vehicles,Demerged CV entity
OLECTRA,Automobile,OEM,Electric Buses,Excel classification
ATHERENERG,Automobile,OEM,Electric Two-Wheelers,Excel classification
SMLMAH,Automobile,OEM,LCV / Buses,Excel classification
ICICIAMC,Banking & Financial Services,Asset Management,Mutual Fund AMC,Excel classification
CRAMC,Banking & Financial Services,Asset Management,Mutual Fund AMC,Excel classification
JSFB,Banking & Financial Services,Banks,Small Finance Bank,Excel classification
INDOTHAI,Banking & Financial Services,Brokerage,Broker,Excel classification
ALGOQUANT,Banking & Financial Services,Brokerage,Fintech Broker,Excel classification
ARSSBL,Banking & Financial Services,Brokerage,Full-Service Broker,Excel classification
GROWW,Banking & Financial Services,Brokerage,Online / Discount Broker,Excel classification
RELIGARE,Banking & Financial Services,Diversified Financial,Diversified,Excel classification
AIIL,Banking & Financial Services,Diversified Financial,Holding & Investment,Excel classification
TI,Banking & Financial Services,Diversified Financial,Holding & Investment,Excel classification
IBULLSLTD,Banking & Financial Services,Diversified Financial,Holding Co.,Excel classification
PNBGILTS,Banking & Financial Services,Diversified Financial,Primary Dealer - G-Sec,Excel classification
IEX,Banking & Financial Services,Exchange,Power Trading Platform,Excel classification
AADHARHFC,Banking & Financial Services,Housing Finance,Affordable Housing,Excel classification
BAJAJHFL,Banking & Financial Services,Housing Finance,Housing Finance,Excel classification
CANHLIFE,Banking & Financial Services,Insurance,Life Insurance,Excel classification
GCSL,Banking & Financial Services,Investment Banking,Merchant Banking,Excel classification
KISSHT,Banking & Financial Services,NBFC,Digital Lending,Excel classification
SAMMAANCAP,Banking & Financial Services,NBFC,Diversified,Excel classification
TATACAP,Banking & Financial Services,NBFC,Diversified,Excel classification
HDBFS,Banking & Financial Services,NBFC,Diversified,Excel classification
NORTHARC,Banking & Financial Services,NBFC,Diversified,Excel classification
FEDFINA,Banking & Financial Services,NBFC,Gold Loans / MSME,Excel classification
MUFIN,Banking & Financial Services,NBFC,Green / EV Finance,Excel classification
AYE,Banking & Financial Services,NBFC,MSME Lending,Excel classification
MUTHOOTMF,Banking & Financial Services,NBFC,Microfinance,Excel classification
FUSION,Banking & Financial Services,NBFC,Microfinance,Excel classification
PAISALO,Banking & Financial Services,NBFC,Retail Lending,Excel classification
CGCL,Banking & Financial Services,NBFC,SME / Gold Loans,Excel classification
SGFIN,Banking & Financial Services,NBFC,Supply Chain Finance,Excel classification
IFCI,Banking & Financial Services,NBFC,Term Lending (PSU),Excel classification
M&MFIN,Banking & Financial Services,NBFC,Vehicle Finance,Excel classification
CMSINFO,Banking & Financial Services,Payments,ATM / Cash Management,Excel classification
SBICARD,Banking & Financial Services,Payments,Credit Cards,Excel classification
PROTEAN,Banking & Financial Services,Payments,Fintech Infrastructure / eGov,Excel classification
PINELABS,Banking & Financial Services,Payments,Merchant Solutions,Excel classification
MOBIKWIK,Banking & Financial Services,Payments,Wallet / Fintech,Excel classification
360ONE,Banking & Financial Services,Wealth Management,Wealth Management,Excel classification
PARACABLES,Capital Goods,Cables & Wires,Cables,Excel classification
DIACABS,Capital Goods,Cables & Wires,Cables & Conductors,Excel classification
UNIVCABLES,Capital Goods,Cables & Wires,Power Cables,Excel classification
DYCL,Capital Goods,Cables & Wires,Power Cables,Excel classification
PRECWIRE,Capital Goods,Cables & Wires,Winding Wires,Excel classification
VIDYAWIRES,Capital Goods,Cables & Wires,Winding Wires,Excel classification
KSHINTL,Capital Goods,Cables & Wires,Wires & Cables,Excel classification
HARSHA,Capital Goods,Industrial Machinery,Bearings - Precision Cages,Excel classification
KIRLPNU,Capital Goods,Industrial Machinery,Compressors,Excel classification
ACE,Capital Goods,Industrial Machinery,Construction Equipment - Cranes,Excel classification
AEROFLEX,Capital Goods,Industrial Machinery,Flexible Hoses,Excel classification
KRN,Capital Goods,Industrial Machinery,Heat Exchangers (HVAC&R),Excel classification
LLOYDSENGG,Capital Goods,Industrial Machinery,Heavy Engineering,Excel classification
WALCHANNAG,Capital Goods,Industrial Machinery,Heavy Engineering - Defence / Nuclear,Excel classification
HONAUT,Capital Goods,Industrial Machinery,Industrial Automation,Excel classification
OMNI,Capital Goods,Industrial Machinery,Industrial Engineering,Excel classification
ELECON,Capital Goods,Industrial Machinery,Material Handling / Gears,Excel classification
TEGA,Capital Goods,Industrial Machinery,Mining Consumables,Excel classification
INTERARCH,Capital Goods,Industrial Machinery,Pre-Engineered Buildings,Excel classification
EPACKPEB,Capital Goods,Industrial Machinery,Pre-Engineered Buildings,Excel classification
DYNAMATECH,Capital Goods,Industrial Machinery,Precision Engineering,Excel classification
DEEDEV,Capital Goods,Industrial Machinery,Process Piping,Excel classification
TRIVENI,Capital Goods,Industrial Machinery,Steam Turbines,Excel classification
TECHNOE,Capital Goods,Power EPC,Power Infrastructure EPC,Excel classification
TRANSRAILL,Capital Goods,Power EPC,Transmission EPC,Excel classification
BAJEL,Capital Goods,Power EPC,Transmission EPC,Excel classification
SKIPPER,Capital Goods,Power EPC,Transmission Towers,Excel classification
POWERICA,Capital Goods,Power T&D Equipment,DG Sets,Excel classification
QPOWER,Capital Goods,Power T&D Equipment,High-Voltage Equipment,Excel classification
SALZERELEC,Capital Goods,Power T&D Equipment,Industrial Electrical,Excel classification
MARINE,Capital Goods,Power T&D Equipment,Marine Electrical,Excel classification
HPL,Capital Goods,Power T&D Equipment,Meters / Switchgear,Excel classification
HIRECT,Capital Goods,Power T&D Equipment,Power Electronics,Excel classification
ENRIN,Capital Goods,Power T&D Equipment,Power Generation / Transmission,Excel classification
GVPIL,Capital Goods,Power T&D Equipment,Power Generation Equipment,Excel classification
POWERINDIA,Capital Goods,Power T&D Equipment,Power T&D,Excel classification
GVT&D,Capital Goods,Power T&D Equipment,Power T&D,Excel classification
TARIL,Capital Goods,Power T&D Equipment,Transformers,Excel classification
ATLANTAELE,Capital Goods,Power T&D Equipment,Transformers,Excel classification
MARSONS,Capital Goods,Power T&D Equipment,Transformers,Excel classification
SHILCTECH,Capital Goods,Power T&D Equipment,Transformers,Excel classification
INDOTECH,Capital Goods,Power T&D Equipment,Transformers,Excel classification
BBL,Capital Goods,Power T&D Equipment,Transformers / Motors,Excel classification
JSWCEMENT,Cement & Building Materials,Cement,Cement,Excel classification
STAR,Cement & Building Materials,Cement,Cement (Northeast),Excel classification
SGMART,Cement & Building Materials,Distribution,Building Materials B2B,Excel classification
ARIS,Cement & Building Materials,Distribution,Building Materials B2B,Excel classification
HARDWYN,Cement & Building Materials,Hardware,Architectural Hardware,Excel classification
AGI,Cement & Building Materials,Packaging Materials,Container Glass,Excel classification
JSWDULUX,Cement & Building Materials,Paints,Decorative Paints,Excel classification
SIRCA,Cement & Building Materials,Paints,Wood Coatings,Excel classification
INDIANHUME,Cement & Building Materials,Pipes,Concrete Pipes,Excel classification
JISLJALEQS,Cement & Building Materials,Pipes,Micro-Irrigation / Pipes,Excel classification
APOLLOPIPE,Cement & Building Materials,Pipes,PVC / CPVC Pipes,Excel classification
NITCO,Cement & Building Materials,Tiles,Ceramic Tiles,Excel classification
IPL,Chemicals,Agrochemicals,Agrochemicals,Excel classification
NACLIND,Chemicals,Agrochemicals,Agrochemicals,Excel classification
SHAILY,Chemicals,Engineering Plastics,Engineering Plastics,Excel classification
DEEPAKFERT,Chemicals,Fertilisers,Fertilisers / Industrial Chem,Excel classification
KRISHANA,Chemicals,Fertilisers,Phosphatic,Excel classification
MBAPL,Chemicals,Fertilisers,Specialty,Excel classification
ELLEN,Chemicals,Industrial Gases,Industrial Gases,Excel classification
TIMETECHNO,Chemicals,Industrial Packaging,Plastic Packaging,Excel classification
MOLDTKPAC,Chemicals,Industrial Packaging,Rigid Plastic Packaging,Excel classification
SEIL,Chemicals,Packaging,Aluminium Foil,Excel classification
COSMOFIRST,Chemicals,Packaging Films,BOPP Films,Excel classification
GRWRHITECH,Chemicals,Packaging Films,Polyester Films,Excel classification
WSTCSTPAPR,Chemicals,Paper,Paper Manufacturing,Excel classification
JKPAPER,Chemicals,Paper,Writing / Printing Paper,Excel classification
SPLPETRO,Chemicals,Petrochemicals,Polystyrene,Excel classification
ALKYLAMINE,Chemicals,Specialty Chemicals,Amines,Excel classification
CAMLINFINE,Chemicals,Specialty Chemicals,Antioxidants,Excel classification
PCBL,Chemicals,Specialty Chemicals,Carbon Black,Excel classification
HSCL,Chemicals,Specialty Chemicals,Carbon Black / Pitch,Excel classification
RAIN,Chemicals,Specialty Chemicals,Carbon Products (CPC),Conglomerate (also Cement)
EPIGRAL,Chemicals,Specialty Chemicals,Chlor Alkali / PVC,Excel classification
ANURAS,Chemicals,Specialty Chemicals,Custom Synthesis,Excel classification
FLUOROCHEM,Chemicals,Specialty Chemicals,Fluoropolymers,Excel classification
INDIAGLYCO,Chemicals,Specialty Chemicals,Glycols / Ethanol,Excel classification
ADVENZYMES,Chemicals,Specialty Chemicals,Industrial Enzymes,Excel classification
ACI,Chemicals,Specialty Chemicals,Marine Bromine,Excel classification
DCW,Chemicals,Specialty Chemicals,PVC / Caustic Soda,Excel classification
GULPOLY,Chemicals,Specialty Chemicals,Polyols / Sugar,Excel classification
STALLION,Chemicals,Specialty Chemicals,Refrigerant Gases,Excel classification
AQYLON,Chemicals,Specialty Chemicals,Specialty Chemicals,Excel classification
FCL,Chemicals,Specialty Chemicals,Textile Chemicals,Excel classification
GANECOS,Chemicals,Synthetic Materials,PET Recycling / Polyester,Excel classification
MAYURUNIQ,Chemicals,Synthetic Materials,Synthetic Leather,Excel classification
BOMDYEING,Chemicals,Textiles,Polyester Chips / Textiles,Excel classification
RPEL,Chemicals,Textiles,Synthetic Yarns,Excel classification
ABLBL,Consumer Goods,Apparel & Fashion,Branded Fashion,Excel classification
SBC,Consumer Goods,Apparel & Fashion,Manufacturing & Staffing,Excel classification
PGIL,Consumer Goods,Apparel & Fashion,Manufacturing / Exports,Excel classification
CPPLUS,Consumer Goods,Electronics & Appliances,CCTV / Surveillance,Excel classification
AVL,Consumer Goods,Electronics & Appliances,Consumer Electronics Retail,Excel classification
LGEINDIA,Consumer Goods,Electronics & Appliances,Home Appliances / AC / TV,Excel classification
MICEL,Consumer Goods,Electronics & Appliances,LED Display Systems,Excel classification
MIRCELECTR,Consumer Goods,Electronics & Appliances,TVs / Appliances (Onida),Excel classification
SFL,Consumer Goods,Home Furnishings,Mattresses (Sleepwell),Excel classification
STANLEY,Consumer Goods,Home Furnishings,Premium Furniture,Excel classification
PNGSREVA,Consumer Goods,Jewellery,Diamond,Excel classification
GOLDIAM,Consumer Goods,Jewellery,Diamond Exports,Excel classification
IGIL,Consumer Goods,Jewellery,Gem Certification,Excel classification
PNGJL,Consumer Goods,Jewellery,Gold,Excel classification
THANGAMAYL,Consumer Goods,Jewellery,Gold (South India),Excel classification
AMIRCHAND,Consumer Goods,Jewellery,Gold Exports,Excel classification
SKYGOLD,Consumer Goods,Jewellery,Gold Ornaments,Excel classification
SHANTIGOLD,Consumer Goods,Jewellery,Gold Ornaments,Excel classification
SHRINGARMS,Consumer Goods,Jewellery,Mangalsutra,Excel classification
RGL,Consumer Goods,Jewellery,Studded (Exports),Excel classification
SAFARI,Consumer Goods,Luggage,Luggage,Excel classification
VIPIND,Consumer Goods,Luggage,Luggage,Excel classification
ETHOSLTD,Consumer Goods,Luxury Retail,Watches,Excel classification
CUPID,Consumer Goods,Personal Care,Condoms / IVD Kits,Excel classification
DOMS,Consumer Goods,Stationery,Stationery Products,Excel classification
ROSSTECH,Defence & Aerospace,Aerospace Components,Wire Harness,Excel classification
KRISHNADEF,Defence & Aerospace,Defence Components,Components,Excel classification
APOLLO,Defence & Aerospace,Defence Electronics,Defence Electronics,Excel classification
SIGMAADV,Defence & Aerospace,Defence Electronics,Defence Electronics,Excel classification
KERNEX,Defence & Aerospace,Defence Electronics,Railway Safety Systems,Excel classification
AVANTEL,Defence & Aerospace,Defence Electronics,Satcom,Excel classification
CENTUM,Defence & Aerospace,EMS,Defence Electronics,Excel classification
AVALON,Defence & Aerospace,EMS,Electronics Manufacturing,Excel classification
CYIENTDLM,Defence & Aerospace,EMS,Electronics Manufacturing,Excel classification
SOLARINDS,Defence & Aerospace,Munitions,Explosives & Defence Munitions,Excel classification
AEQUS,Defence & Aerospace,Precision Engineering,Aerospace,Excel classification
PTCIL,Defence & Aerospace,Precision Engineering,Casting - Defence / Aerospace,Excel classification
MTARTECH,Defence & Aerospace,Precision Engineering,Defence / Space / Nuclear,Excel classification
GODREJIND,Diversified,Holding Company,Chemicals / Agro / Real Estate,Excel classification
RIIL,Diversified,Industrial Infrastructure,Industrial Infrastructure,Excel classification
RTNINDIA,Diversified,Multi-Business,EV / Drones / Quick Commerce,Excel classification
3MINDIA,Diversified,Multi-Business,Industrial / Healthcare / Consumer,Excel classification
SWANCORP,Diversified,Multi-Business,Renewables / EPC,Excel classification
RPSGVENT,Diversified,Multi-Business,Sports / Retail / BPO,Excel classification
AFFLE,E-Commerce,AdTech,Mobile Advertising,Excel classification
VERANDA,E-Commerce,EdTech,General EdTech,Excel classification
JARO,E-Commerce,EdTech,Higher Education,Excel classification
PWL,E-Commerce,EdTech,Test Prep,Excel classification
SHADOWFAX,E-Commerce,Logistics Tech,Last Mile Delivery,Excel classification
BLACKBUCK,E-Commerce,Logistics Tech,Trucking Platform,Excel classification
CARTRADE,E-Commerce,Online Classifieds,Auto Classifieds,Excel classification
INDIAMART,E-Commerce,Online Classifieds,B2B Marketplace,Excel classification
NAUKRI,E-Commerce,Online Classifieds,Jobs / Real Estate,Excel classification
FIRSTCRY,E-Commerce,Online Retail,Baby & Kids Products,Excel classification
WAKEFIT,E-Commerce,Online Retail,D2C Furniture / Mattresses,Excel classification
LENSKART,E-Commerce,Online Retail,Eyewear (Omnichannel),Excel classification
SWIGGY,E-Commerce,Online Retail,Food Delivery / Quick Commerce,Excel classification
BLUESTONE,E-Commerce,Online Retail,Jewellery (Omnichannel),Excel classification
MEESHO,E-Commerce,Online Retail,Online Marketplace,Excel classification
URBANCO,E-Commerce,Online Services,Home Services Platform,Excel classification
IXIGO,E-Commerce,Online Services,Online Travel Aggregator,Excel classification
GLOBUSSPR,FMCG,Beverages,Alcoholic - Distillery,Excel classification
VINCOFE,FMCG,Beverages,Coffee,Excel classification
GAEL,FMCG,Foods,Agri Processing / Edible Oils,Excel classification
AWL,FMCG,Foods,Edible Oils (Fortune),Excel classification
KWIL,FMCG,Foods,Ice Cream / Frozen Desserts,Excel classification
IFBAGRO,FMCG,Foods,Marine Foods / Alcohol,Excel classification
BBTC,FMCG,Foods,Plantations / Foods Conglomerate,Excel classification
MANORAMA,FMCG,Foods,Specialty Fats / Cocoa Butter,Excel classification
RENUKA,FMCG,Sugar,Sugar / Ethanol,Excel classification
NEPHROPLUS,Healthcare,Hospital & Healthcare Services,Dialysis Chain,Excel classification
GKSL,Healthcare,Hospital & Healthcare Services,Kidney Care,Excel classification
PARKHOSPS,Healthcare,Hospital & Healthcare Services,Multi-Specialty,Excel classification
INDRAMEDCO,Healthcare,Hospital & Healthcare Services,Multi-Specialty (Apollo Delhi),Excel classification
HCG,Healthcare,Hospital & Healthcare Services,Oncology Chain,Excel classification
VIYASH,Healthcare,Pharmaceuticals & Drugs,APIs,Excel classification
AARTIPHARM,Healthcare,Pharmaceuticals & Drugs,APIs,Excel classification
SMSPHARMA,Healthcare,Pharmaceuticals & Drugs,APIs,Excel classification
ALIVUS,Healthcare,Pharmaceuticals & Drugs,APIs / CDMO,Excel classification
IOLCP,Healthcare,Pharmaceuticals & Drugs,APIs / Specialty Chemicals,Excel classification
COHANCE,Healthcare,Pharmaceuticals & Drugs,CDMO / API,Excel classification
DCAL,Healthcare,Pharmaceuticals & Drugs,CRAMS / APIs,Excel classification
SAILIFE,Healthcare,Pharmaceuticals & Drugs,CRDMO,Excel classification
ANTHEM,Healthcare,Pharmaceuticals & Drugs,CRO / CDMO,Excel classification
INNOVACAP,Healthcare,Pharmaceuticals & Drugs,Contract Manufacturing,Excel classification
SPARC,Healthcare,Pharmaceuticals & Drugs,Drug Discovery R&D,Excel classification
CORONA,Healthcare,Pharmaceuticals & Drugs,Formulations,Excel classification
SAKAR,Healthcare,Pharmaceuticals & Drugs,Formulations,Excel classification
SENORES,Healthcare,Pharmaceuticals & Drugs,Formulations (US),Excel classification
RUBICON,Healthcare,Pharmaceuticals & Drugs,Specialty / CDMO,Excel classification
ONESOURCE,Healthcare,Pharmaceuticals & Drugs,Specialty Drug Development,Excel classification
IKS,Healthcare,Pharma Services,Clinical Documentation BPO,Excel classification
SAGILITY,Healthcare,Pharma Services,Healthcare BPO,Excel classification
INDGN,Healthcare,Pharma Services,Life Sciences Tech / Services,Excel classification
WELENT,Healthcare,Pharmacy Retail,Pharmacy Chain,Excel classification
JSLL,Healthcare,Wellness & Ayurveda,Ayurveda Hospitals,Excel classification
DELTACORP,Hospitality,Gaming,Casinos,Excel classification
THELEELA,Hospitality,Hotels,Luxury,Excel classification
ITCHOTELS,Hospitality,Hotels,Luxury Chain,Excel classification
SAMHI,Hospitality,Hotels,Mid-Scale Chain,Excel classification
TRAVELFOOD,Hospitality,QSR & F&B,Airport F&B,Excel classification
RBA,Hospitality,QSR & F&B,Burger King India,Excel classification
BLS,Hospitality,Travel Services,Visa Outsourcing,Excel classification
ONEPOINT,Information Technology,BPO,Customer Lifecycle Mgmt,Excel classification
E2E,Information Technology,Cloud,GPU Cloud,Excel classification
RPTECH,Information Technology,IT Distribution,IT Distribution,Excel classification
NETWEB,Information Technology,IT Hardware,HPC / AI Servers,Excel classification
EBGNG,Information Technology,IT Hardware,Refurbished Laptops,Excel classification
FRACTAL,Information Technology,IT Services,AI / Data Analytics,Excel classification
STLNETWORK,Information Technology,IT Services,Digital Infrastructure,Excel classification
AXISCADES,Information Technology,IT Services,Engineering / Aerospace ER&D,Excel classification
SASKEN,Information Technology,IT Services,Engineering R&D,Excel classification
CEINSYS,Information Technology,IT Services,Geospatial / Engineering,Excel classification
GENESYS,Information Technology,IT Services,Geospatial Content,Excel classification
ADSL,Information Technology,IT Services,Infrastructure Management,Excel classification
HEXT,Information Technology,IT Services,Mid-Cap IT,Excel classification
RSYSTEMS,Information Technology,IT Services,Mid-Cap IT,Excel classification
BBOX,Information Technology,IT Services,Network Infrastructure,Excel classification
CIGNITITEC,Information Technology,IT Services,Software Testing,Excel classification
ORIENTTECH,Information Technology,IT Services,Systems Integration,Excel classification
CEMPRO,Infrastructure & Construction,EPC,Civil Construction,Excel classification
GARUDA,Infrastructure & Construction,EPC,Civil Construction,Excel classification
MANINFRA,Infrastructure & Construction,EPC,Construction & Real Estate,Excel classification
CEIGALL,Infrastructure & Construction,EPC,Highways,Excel classification
AFCONS,Infrastructure & Construction,EPC,Infrastructure EPC,Excel classification
PATELENG,Infrastructure & Construction,EPC,Infrastructure EPC,Excel classification
VIKRAN,Infrastructure & Construction,EPC,Power / Water EPC,Excel classification
MARKOLINES,Infrastructure & Construction,EPC,Road Maintenance,Excel classification
ATALREAL,Infrastructure & Construction,EPC,Roads,Excel classification
KPIL,Infrastructure & Construction,EPC,T&D / Buildings,Excel classification
SPMLINFRA,Infrastructure & Construction,EPC,Water / Infra,Excel classification
DREDGECORP,Infrastructure & Construction,Marine Services,Dredging,Excel classification
KMEW,Infrastructure & Construction,Marine Services,Marine Engineering,Excel classification
GPPL,Infrastructure & Construction,Ports,Ports,Excel classification
IRB,Infrastructure & Construction,Roads,Toll BOT,Excel classification
SHREEJISPG,Infrastructure & Construction,Shipping,Dry Bulk / Logistics,Excel classification
AEGISVOPAK,Infrastructure & Construction,Storage Terminals,Oil & Gas / LPG,Excel classification
GMRP&UI,Infrastructure & Construction,Urban Infrastructure,Urban Infrastructure,Excel classification
EMSLIMITED,Infrastructure & Construction,Water EPC,Water / Sewerage,Excel classification
EIEL,Infrastructure & Construction,Water EPC,Water Infrastructure,Excel classification
WABAG,Infrastructure & Construction,Water EPC,Water Treatment,Excel classification
IONEXCHANG,Infrastructure & Construction,Water EPC,Water Treatment Products & Services,Excel classification
ARFIN,Metals & Mining,Aluminium,Aluminium Products,Excel classification
BHARATCOAL,Metals & Mining,Coal,Coal Mining,Excel classification
NAVA,Metals & Mining,Ferro Alloys,Ferro Alloys / Power,Excel classification
IMFA,Metals & Mining,Ferro Alloys,Ferro Chrome,Excel classification
HEG,Metals & Mining,Graphite,Graphite Electrodes,Excel classification
GRAPHITE,Metals & Mining,Graphite,Graphite Electrodes,Excel classification
SANDUMA,Metals & Mining,Iron Ore,Iron Ore / Manganese,Excel classification
LLOYDSME,Metals & Mining,Iron Ore,Mining / Steel,Excel classification
CMPDI,Metals & Mining,Mining Services,Mining Consultancy,Excel classification
POCL,Metals & Mining,Recycling,Lead Recycling,Excel classification
JAINREC,Metals & Mining,Recycling,Non-Ferrous Recycling,Excel classification
RSL,Metals & Mining,Stainless Steel,Long Products,Excel classification
RATNAVEER,Metals & Mining,Stainless Steel,Wires / Sheets,Excel classification
JAIBALAJI,Metals & Mining,Steel,Integrated,Excel classification
NSLNISP,Metals & Mining,Steel,Integrated Plant,Excel classification
JAYNECOIND,Metals & Mining,Steel,Pig Iron / Castings,Excel classification
SUNFLAG,Metals & Mining,Steel,Special Steels,Excel classification
LLOYDSENT,Metals & Mining,Steel,Steel / Holding Co.,Excel classification
GALLANTT,Metals & Mining,Steel,TMT / Pellets,Excel classification
RHETAN,Metals & Mining,Steel,TMT Bars,Excel classification
MANINDS,Metals & Mining,Steel Products,LSAW Pipes,Excel classification
GOODLUCK,Metals & Mining,Steel Products,Pipes / Engineered,Excel classification
PENIND,Metals & Mining,Steel Products,Steel Products / Solar Mounting,Excel classification
SAMBHV,Metals & Mining,Steel Products,Steel Tubes & Pipes,Excel classification
BHARATWIRE,Metals & Mining,Steel Products,Wire Ropes,Excel classification
MMTC,Metals & Mining,Trading,Metals & Minerals (PSU),Excel classification
ANTELOPUS,Oil & Gas,Exploration & Production,E&P,Excel classification
HINDOILEXP,Oil & Gas,Exploration & Production,E&P,Excel classification
CONFIPET,Oil & Gas,LPG,LPG Cylinder Mfg / Bottling,Excel classification
JINDRILL,Oil & Gas,Oilfield Services,Drilling,Excel classification
DEEPINDS,Oil & Gas,Oilfield Services,Oilfield Services,Excel classification
SOUTHWEST,Oil & Gas,Oilfield Services,Oilfield Services,Excel classification
SOTL,Oil & Gas,Petroleum Specialties,Lubricants / Specialty Oils,Excel classification
TRUALT,Power & Utilities,Biofuels,Ethanol,Excel classification
SERVOTECH,Power & Utilities,EV / Solar Products,EV Chargers / Solar,Excel classification
UTLSOLAR,Power & Utilities,EV / Solar Products,Inverters / Power Products,Excel classification
IRMENERGY,Power & Utilities,Gas Distribution,City Gas Distribution,Excel classification
PTC,Power & Utilities,Power Trading,Power Trading,Excel classification
CLEANMAX,Power & Utilities,Renewable IPP,C&I Solar/Wind IPP,Excel classification
NTPCGREEN,Power & Utilities,Renewable IPP,Renewable Energy IPP,Excel classification
SWSOLAR,Power & Utilities,Solar EPC,Solar EPC,Excel classification
WAAREERTL,Power & Utilities,Solar EPC,Solar EPC,Excel classification
WEBELSOLAR,Power & Utilities,Solar Manufacturing,Solar Cells / Modules,Excel classification
EMMVEE,Power & Utilities,Solar Manufacturing,Solar Modules,Excel classification
VIKRAMSOLR,Power & Utilities,Solar Manufacturing,Solar Modules,Excel classification
INA,Power & Utilities,Solar Manufacturing,Solar Modules / EPC,Excel classification
GKENERGY,Power & Utilities,Solar Pumps,Solar Pumps EPC,Excel classification
SHAKTIPUMP,Power & Utilities,Solar Pumps,Solar Pumps Manufacturer,Excel classification
OSWALPUMPS,Power & Utilities,Solar Pumps,Solar Pumps Manufacturer,Excel classification
KPEL,Power & Utilities,Wind,Wind EPC,Excel classification
INOXGREEN,Power & Utilities,Wind,Wind O&M,Excel classification
AWFIS,Real Estate,Co-working,Flexible Workspace,Excel classification
EFCIL,Real Estate,Co-working,Managed Workspace,Excel classification
AGIIL,Real Estate,Developers,Residential,Excel classification
RAYMONDREL,Real Estate,Developers,Residential,Excel classification
LOTUSDEV,Real Estate,Developers,Residential,Excel classification
HUBTOWN,Real Estate,Developers,Residential / Commercial,Excel classification
PVP,Real Estate,Diversified,Diversified,Excel classification
HEMIPROP,Real Estate,Land Bank,PSU Land,Excel classification
SCILAL,Real Estate,Land Bank,PSU Land (Demerged),Excel classification
SBCL,Retail,Apparel Retail,Sarees,Excel classification
KALAMANDIR,Retail,Apparel Retail,Sarees / Ethnic,Excel classification
STYLEBAAZA,Retail,Apparel Retail,Value Fashion,Excel classification
V2RETAIL,Retail,Apparel Retail,Value Fashion,Excel classification
VMM,Retail,Hypermarket,Value Retail,Excel classification
UDS,Services,Facility Services,Facility Management,Excel classification
SIS,Services,Facility Services,Security & Facility Mgmt,Excel classification
QUESS,Services,Staffing,Workforce Solutions,Excel classification
PACEDIGITK,Telecom,Telecom Infrastructure,Equipment / Services,Excel classification
TTML,Telecom,Telecom Operators,Enterprise Services,Excel classification
BHARTIHEXA,Telecom,Telecom Operators,Wireless (NE / Rajasthan),Excel classification
AUTOBEES,ETF,ETF / Index Fund,,ETF / Index Product — excluded from sector analysis
AXISGOLD,ETF,ETF / Index Fund,,ETF / Index Product — excluded from sector analysis
AXISILVER,ETF,ETF / Index Fund,,ETF / Index Product — excluded from sector analysis
BANK10ADD,ETF,ETF / Index Fund,,ETF / Index Product — excluded from sector analysis
BANKBEES,ETF,ETF / Index Fund,,ETF / Index Product — excluded from sector analysis
CASHIETF,ETF,ETF / Index Fund,,ETF / Index Product — excluded from sector analysis
CPSEETF,ETF,ETF / Index Fund,,ETF / Index Product — excluded from sector analysis
GOLD1,ETF,ETF / Index Fund,,ETF / Index Product — excluded from sector analysis
GOLDADD,ETF,ETF / Index Fund,,ETF / Index Product — excluded from sector analysis
GOLDBEES,ETF,ETF / Index Fund,,ETF / Index Product — excluded from sector analysis
GOLDBETA,ETF,ETF / Index Fund,,ETF / Index Product — excluded from sector analysis
GOLDCASE,ETF,ETF / Index Fund,,ETF / Index Product — excluded from sector analysis
GOLDETF,ETF,ETF / Index Fund,,ETF / Index Product — excluded from sector analysis
GOLDIETF,ETF,ETF / Index Fund,,ETF / Index Product — excluded from sector analysis
GROWWSLVR,ETF,ETF / Index Fund,,ETF / Index Product — excluded from sector analysis
HDFCGOLD,ETF,ETF / Index Fund,,ETF / Index Product — excluded from sector analysis
HDFCSILVER,ETF,ETF / Index Fund,,ETF / Index Product — excluded from sector analysis
HDFCSML250,ETF,ETF / Index Fund,,ETF / Index Product — excluded from sector analysis
HNGSNGBEES,ETF,ETF / Index Fund,,ETF / Index Product — excluded from sector analysis
ITBEES,ETF,ETF / Index Fund,,ETF / Index Product — excluded from sector analysis
JUNIORBEES,ETF,ETF / Index Fund,,ETF / Index Product — excluded from sector analysis
LIQUID,ETF,ETF / Index Fund,,ETF / Index Product — excluded from sector analysis
LIQUID1,ETF,ETF / Index Fund,,ETF / Index Product — excluded from sector analysis
LIQUIDADD,ETF,ETF / Index Fund,,ETF / Index Product — excluded from sector analysis
LIQUIDBEES,ETF,ETF / Index Fund,,ETF / Index Product — excluded from sector analysis
LIQUIDBETF,ETF,ETF / Index Fund,,ETF / Index Product — excluded from sector analysis
LIQUIDCASE,ETF,ETF / Index Fund,,ETF / Index Product — excluded from sector analysis
LIQUIDETF,ETF,ETF / Index Fund,,ETF / Index Product — excluded from sector analysis
LIQUIDIETF,ETF,ETF / Index Fund,,ETF / Index Product — excluded from sector analysis
LIQUIDPLUS,ETF,ETF / Index Fund,,ETF / Index Product — excluded from sector analysis
MID150BEES,ETF,ETF / Index Fund,,ETF / Index Product — excluded from sector analysis
MIDCAPETF,ETF,ETF / Index Fund,,ETF / Index Product — excluded from sector analysis
MOCAPITAL,ETF,ETF / Index Fund,,ETF / Index Product — excluded from sector analysis
MODEFENCE,ETF,ETF / Index Fund,,ETF / Index Product — excluded from sector analysis
MON100,ETF,ETF / Index Fund,,ETF / Index Product — excluded from sector analysis
NIFTYBEES,ETF,ETF / Index Fund,,ETF / Index Product — excluded from sector analysis
NIFTYIETF,ETF,ETF / Index Fund,,ETF / Index Product — excluded from sector analysis
PHARMABEES,ETF,ETF / Index Fund,,ETF / Index Product — excluded from sector analysis
PSUBNKBEES,ETF,ETF / Index Fund,,ETF / Index Product — excluded from sector analysis
PVTBANIETF,ETF,ETF / Index Fund,,ETF / Index Product — excluded from sector analysis
SBILIQETF,ETF,ETF / Index Fund,,ETF / Index Product — excluded from sector analysis
SBISILVER,ETF,ETF / Index Fund,,ETF / Index Product — excluded from sector analysis
SETFGOLD,ETF,ETF / Index Fund,,ETF / Index Product — excluded from sector analysis
SETFNIF50,ETF,ETF / Index Fund,,ETF / Index Product — excluded from sector analysis
SILVER,ETF,ETF / Index Fund,,ETF / Index Product — excluded from sector analysis
SILVER1,ETF,ETF / Index Fund,,ETF / Index Product — excluded from sector analysis
SILVERADD,ETF,ETF / Index Fund,,ETF / Index Product — excluded from sector analysis
SILVERAG,ETF,ETF / Index Fund,,ETF / Index Product — excluded from sector analysis
SILVERBEES,ETF,ETF / Index Fund,,ETF / Index Product — excluded from sector analysis
SILVERBETA,ETF,ETF / Index Fund,,ETF / Index Product — excluded from sector analysis
SILVERCASE,ETF,ETF / Index Fund,,ETF / Index Product — excluded from sector analysis
SILVERIETF,ETF,ETF / Index Fund,,ETF / Index Product — excluded from sector analysis
SMALLCAP,ETF,ETF / Index Fund,,ETF / Index Product — excluded from sector analysis
TATSILV,ETF,ETF / Index Fund,,ETF / Index Product — excluded from sector analysis
